Source,Target
DrGaffarQuadri,DrGaffarQuadri
DrGaffarQuadri,AIMIMSOLAPUR
DrGaffarQuadri,amkhan9730
DrGaffarQuadri,imtiaz_jaleel
DrGaffarQuadri,asadowaisi
DrGaffarQuadri,aimim_national
DrGaffarQuadri,warispathan
KrishanuBJP,SankarDutta5111
chhuti_is,UdaySRana
chhuti_is,therealashish09
chhuti_is,prawncis
chhuti_is,ranjodhd
chhuti_is,MnshaP
chhuti_is,Guttajwala
chhuti_is,SushantSin
Chandrimaaitc,abhishekaitc
Chandrimaaitc,abhishekaitc
sanket,sanket
sanket,kawaljit
sanket,AbijitG
sanket,ndtv
aimimupofficial,imShaukatAli
aimimupofficial,imShaukatAli
aimimupofficial,asadowaisi
aimimupofficial,imShaukatAli
aimimupofficial,imtiaz_jaleel
aimimupofficial,DrKhanShadab
aimimupofficial,imShaukatAli
aimimupofficial,aimim_national
aimimupofficial,imShaukatAli
YogijiRoxx,imSaffronAshu
YogijiRoxx,raniroyrocky
YogijiRoxx,ThePlacardGuy
SrijanForYou,SitaramYechury
anubhavsinha,dranildhar
anubhavsinha,FaheemYounus
anubhavsinha,prakashraaj
anubhavsinha,parthpunter
anubhavsinha,gurpriyasingh
KolleoIsBack,KolleoIsBack
KolleoIsBack,diil_se_indian
KolleoIsBack,Rajibbagchi6
KolleoIsBack,KolleoIsBack
KolleoIsBack,KolleoIsBack
KolleoIsBack,KolleoIsBack
KolleoIsBack,KolleoIsBack
WBPolice,JpgPolice
WBPolice,RaiganjPolice
WBPolice,JpgPolice
MIRZARahmathBa6,aimim_national
SimontiniB,Nareshbiswani_1
Sisirkumardatt3,JasBJP
Sisirkumardatt3,RadharaniSadhu1
Sisirkumardatt3,ChSuprio
Sisirkumardatt3,ChSuprio
Sisirkumardatt3,chak_somesh
PiyushGoyal,narendramodi
PiyushGoyal,narendramodi
PiyushGoyal,narendramodi
PiyushGoyal,narendramodi
PiyushGoyal,narendramodi
NiharRa9026843,BharadwajSpeaks
NiharRa9026843,Sanjay_Dixit
NiharRa9026843,SortedEagle
NiharRa9026843,ippatel
NiharRa9026843,upamanyu70
NiharRa9026843,ProfKapilKumar
dpradhanbjp,AmitShah
dpradhanbjp,JPNadda
dpradhanbjp,narendramodi
dpradhanbjp,narendramodi
dpradhanbjp,narendramodi
dpradhanbjp,narendramodi
dpradhanbjp,narendramodi
urvish2020,suchetadalal
AimimSeemanchal,aimim_national
AimimSeemanchal,syedasimwaqar
AimimSeemanchal,imAkbarOwaisi
AimimSeemanchal,VS_Iaf
AimimSeemanchal,aimim_national
AimimSeemanchal,syedasimwaqar
selinasenwrites,ShashiTharoor
Aagan86,debraj_speaks
muntaziraapka,zoo_bear
muntaziraapka,LiveLawIndia
muntaziraapka,scribe_it
muntaziraapka,LiveLawIndia
muntaziraapka,LiveLawIndia
muntaziraapka,abhisar_sharma
muntaziraapka,kapsology
muntaziraapka,AAPExpress
muntaziraapka,DaaruBaazMehta
muntaziraapka,BabaGlocal
CPKolkata,KolkataPolice
CPKolkata,KPDetectiveDept
CPKolkata,KPDetectiveDept
CPKolkata,Neelsher
CPKolkata,KolkataPolice
CPKolkata,KolkataPolice
amitmalviya,narendramodi
amitmalviya,swapan55
IndianExpress,ExpressPune
IndianExpress,ExpressPune
IndianExpress,ie_mumbai
IndianExpress,IExpressSports
IndianExpress,ExpressGujarat
IndianExpress,IExpressSports
IndianExpress,KhurafatiChopra
IndianExpress,ie_mumbai
OfficeofJPNadda,JPNadda
OfficeofJPNadda,JPNadda
OfficeofJPNadda,JPNadda
OfficeofJPNadda,JPNadda
OfficeofJPNadda,JPNadda
OfficeofJPNadda,JPNadda
OfficeofJPNadda,JPNadda
OfficeofJPNadda,JPNadda
OfficeofJPNadda,JPNadda
OfficeofJPNadda,JPNadda
DidiKeBolo,ShashiTharoor
DidiKeBolo,bhupeshbaghel
DidiKeBolo,ManishTewari
DidiKeBolo,mkstalin
DidiKeBolo,capt_amarinder
DidiKeBolo,HemantSorenJMM
DidiKeBolo,yadavakhilesh
DidiKeBolo,BanglarGorboMB
GhatakMoloy,MahuaMoitra
AB_JayHind,AB_JayHind
aroyfloyd,MrSamratX
aroyfloyd,RanaSarkar
aroyfloyd,hedsngo
aroyfloyd,LOVEBUNNYMYEON
aroyfloyd,ThisissAbhi
aroyfloyd,iindraadip
aroyfloyd,protithi
aroyfloyd,PriyankaTamot
idea2370,sudarsansand
idea2370,aneelraajtunk
Tanveeralig35,tiwarymanoj
Tanveeralig35,kunalkamra88
Tanveeralig35,mamtabangal
Tanveeralig35,srinivasaiims
Tanveeralig35,prashantsingh_3
onlineGhosh,Actor_Siddharth
onlineGhosh,SreyashiDey
ABHIJIT_LS,scribe_prashant
ABHIJIT_LS,INCIndia
Sudip_007_truth,ThePlacardGuy
Sudip_007_truth,promzzz
Soum17785045,SinghkolAashika
Soum17785045,promzzz
Soum17785045,hatecommie
AltNews,AltNewsHindi
AltNews,AltNewsHindi
AltNews,AltNewsHindi
AltNews,AltNewsHindi
AltNews,AltNewsHindi
AltNews,AltNewsHindi
Bunibroto,sudhirksingh
kmc_kolkata,wbdhfw
kmc_kolkata,wbdhfw
kmc_kolkata,kmc_kolkata
kmc_kolkata,wbdhfw
kmc_kolkata,wbdhfw
derekobrienmp,ranjona
derekobrienmp,yadavtejashwi
derekobrienmp,ArvindKejriwal
derekobrienmp,PawarSpeaks
derekobrienmp,HemantSorenJMM
derekobrienmp,yadavakhilesh
derekobrienmp,RahulGandhi
devangshudatta,bhalomanush
devangshudatta,Shrabonti
devangshudatta,nilanjanaroy
devangshudatta,JaskiratSB
devangshudatta,blurt2kc
devangshudatta,YangerINC
devangshudatta,SushantSin
anoophilip,iknoorkaur
anoophilip,anoophilip
anoophilip,ieuditmisra
anoophilip,adilhossain
cpimspeak,vijayanpinarayi
cpimspeak,drthomasisaac
cpimspeak,drthomasisaac
cpimspeak,vijayanpinarayi
sohinigr,bose_shohini
sohinigr,PrannoyRoyNDTV
sohinigr,kawaljit
SankarshanT,iamyusufpathan
SankarshanT,darpananilsingh
SankarshanT,_amitbehere
SankarshanT,prashant_pg
SankarshanT,DrJoyeeta
CNNnews18,news18dotcom
dindaashoke,BJP4Bengal
tiwarymanoj,diptalk1
tiwarymanoj,aritram029
tiwarymanoj,Karishma_Mehta5
VTankha,INCMP
SubhasishMP,MamataOfficial
SubhasishMP,abhishekaitc
SubhasishMP,abhishekaitc
SubhasishMP,MamataOfficial
SubhasishMP,MamataOfficial
SubhasishMP,MamataOfficial
SubhasishMP,MamataOfficial
SubhasishMP,abhishekaitc
pcsarangi,narendramodi
pcsarangi,AmitShah
pcsarangi,narendramodi
pcsarangi,narendramodi
pcsarangi,narendramodi
pcsarangi,narendramodi
pcsarangi,narendramodi
mkvenu1,IndianExpress
mkvenu1,seemay
mkvenu1,svaradarajan
mkvenu1,HartoshSinghBal
mkvenu1,PrashantKishor
mkvenu1,bainjal
mkvenu1,suhasinih
AuschwitzMuseum,AuschwitzMuseum
AuschwitzMuseum,DrsMeena
AuschwitzMuseum,AuschwitzMuseum
iamrajchoco,SamannayMukher5
iamrajchoco,paramspeak
iamrajchoco,mayukhrghosh
iamrajchoco,mayukhrghosh
iamrajchoco,COVIHELP1
kausarmohiuddin,asadowaisi
VakashaS,DebayonRoy
VakashaS,LiveLawIndia
VakashaS,TheLeaflet_in
VakashaS,chetnakum
FireFly53647402,MrSinha_
FireFly53647402,zzz93842322
FireFly53647402,rajbhawal143
FireFly53647402,Mohansinha
FireFly53647402,Mr_Siddharth
FireFly53647402,Soumyadipta
salimdotcomrade,vijayprashad
salimdotcomrade,MANJULtoons
salimdotcomrade,vijayanpinarayi
salimdotcomrade,ambkcsingh
salimdotcomrade,free_thinker
salimdotcomrade,AunindyoC
salimdotcomrade,MayukhDuke
salimdotcomrade,LiveLawIndia
imShaukatAli,asadowaisi
imShaukatAli,Champarni_Tariq
imShaukatAli,aimim_national
imShaukatAli,asadowaisi
imShaukatAli,asadowaisi
imShaukatAli,aimim_national
aishe_ghosh,Naa_Cheese
aishe_ghosh,sarayupani
aishe_ghosh,tjoseph0010
aishe_ghosh,thekorahabraham
aishe_ghosh,ndtv
aishe_ghosh,ashoswai
aishe_ghosh,srijitspeaketh
aishe_ghosh,drthomasisaac
ShefVaidya,smitabarooah
ShefVaidya,WeirdStatement
ShefVaidya,TVMohandasPai
ShefVaidya,indictoday
ShefVaidya,TheHinduCafe
_sabanaqvi,PSainath_org
_sabanaqvi,IndiaAheadNews
_sabanaqvi,_sabanaqvi
RanaAyyub,nprscottsimon
RanaAyyub,brhodes
RanaAyyub,nprscottsimon
MIMBahadurpura,asadowaisi
MIMBahadurpura,asadowaisi
MIMBahadurpura,aimim_national
MIMBahadurpura,aimim_national
MIMBahadurpura,asadowaisi
MIMBahadurpura,asadowaisi
MIMBahadurpura,asadowaisi
Rajibbagchi6,Iyervval
Rajibbagchi6,ani_digital
Rajibbagchi6,SushantBSinha
Rajibbagchi6,NagarJitendra
Rajibbagchi6,barandbench
syedasimwaqar,brajeshlive
syedasimwaqar,aimim_national
syedasimwaqar,ArvinderSoin
syedasimwaqar,asma_ulfat_rafi
syedasimwaqar,brajeshlive
syedasimwaqar,syedasimwaqar
PritishNandy,ketto
PritishNandy,theabhayk
PritishNandy,tn_haokip
PritishNandy,PritishNandy
PritishNandy,TheDeshBhakt
Aimim_Sai_Kumar,asadowaisi
Aimim_Sai_Kumar,aimim_national
Aimim_Sai_Kumar,China_Amb_India
Aimim_Sai_Kumar,aimim_national
Aimim_Sai_Kumar,aimim_national
Aimim_Sai_Kumar,manogyaloiwal
Aimim_Sai_Kumar,AC360
Aimim_Sai_Kumar,asadowaisi
Aimim_Sai_Kumar,asadowaisi
Aimim_Sai_Kumar,MilanV
BrutIndia,brutamerica
NicolaCareem,JayantMalhotr18
NicolaCareem,NickDLow
NicolaCareem,NickDLow
NicolaCareem,nramind
NicolaCareem,joyopal
NicolaCareem,soutikBBC
NicolaCareem,LauraTrevelyan
NicolaCareem,mehreenzahra
NicolaCareem,dhume
NicolaCareem,mohanisin
rohanrgupta,INCIndia
rohanrgupta,RahulGandhi
rohanrgupta,RahulGandhi
rohanrgupta,INCIndia
rohanrgupta,RahulGandhi
rohanrgupta,INCIndia
rohanrgupta,INCIndia
rohanrgupta,INCIndia
ranjona,harryrandhawa32
ranjona,CharouRathore
ranjona,sumitkashyapjha
ranjona,CharouRathore
ranjona,CharouRathore
ranjona,chetana_cg
ranjona,DilawarTalkies
ranjona,derekobrienmp
SubhashiniAli,seemay
SubhashiniAli,SushantSin
SubhashiniAli,ManishPandeyLKW
SubhashiniAli,karunanundy
SubhashiniAli,bainjal
SubhashiniAli,ziahaq
SubhashiniAli,beardedtakes
SubhashiniAli,beardedtakes
SubhashiniAli,SushantSin
SubhashiniAli,timesofindia
kantanu,ShashiTharoor
kantanu,INCWestBengal
kantanu,thoumayestnow
SubhasC34,SushilModi
SubhasC34,raniroyrocky
SubhasC34,AmitShah
INCIndia,RahulGandhi
INCIndia,rssurjewala
INCIndia,rssurjewala
KhanSaumitra,AmitShah
KhanSaumitra,AmitShah
KhanSaumitra,JPNadda
KhanSaumitra,JPNadda
KhanSaumitra,SuvenduWB
KhanSaumitra,narendramodi
KhanSaumitra,narendramodi
KhanSaumitra,amitmalviya
BJP4India,narendramodi
BJP4India,JPNadda
BJP4India,JPNadda
BJP4India,JPNadda
BJP4India,JPNadda
BJP4India,JPNadda
BJP4India,JPNadda
BJP4India,JPNadda
Mittermaniac,Vyshchowdary
Mittermaniac,abhishek_tri
Mittermaniac,chetrisunil11
Mittermaniac,shubhangi_misra
Mittermaniac,baboonzero
Mittermaniac,tweetria
Mittermaniac,MasalaBai
Mittermaniac,shreemiverma
Mittermaniac,LiveLawIndia
Mittermaniac,awwwnchal
SouravProsad1,RahulGandhi
SouravProsad1,itsfarukahamed
SouravProsad1,RahulGandhi
SouravProsad1,Neerajkundan
SouravProsad1,Neerajkundan
SouravProsad1,itsfarukahamed
SouravProsad1,CPNSUIKOLKATA
SouravProsad1,Neerajkundan
ShadabKhanIYC,ShadabKhanIYC
ShadabKhanIYC,RahulGandhi
ShadabKhanIYC,RahulGandhi
ShadabKhanIYC,srinivasiyc
ShadabKhanIYC,srinivasiyc
ShadabKhanIYC,srinivasiyc
ShadabKhanIYC,srinivasiyc
rwbhadrolok,ThePlacardGuy
rwbhadrolok,rahulroushan
rwbhadrolok,im_a_scorpio_
rwbhadrolok,Bittuverma7
rwbhadrolok,bhak_sala
rwbhadrolok,AninBanerjee
rwbhadrolok,BBTheorist
rwbhadrolok,YearOfTheKraken
rwbhadrolok,swapan55
SaketGokhale,derekobrienmp
SaketGokhale,njalva
SaketGokhale,mkstalin
SaketGokhale,RahulGandhi
SaketGokhale,derekobrienmp
SaketGokhale,Pawankhera
SaketGokhale,derekobrienmp
Abhijit_Basak83,swapan55
Abhijit_Basak83,JPNadda
adi1191,BanglarGorboMB
adi1191,derekobrienmp
adi1191,RMac18
adi1191,srijitspeaketh
adi1191,BanglarGorboMB
Pawankhera,JaipurGolden
Pawankhera,Aparna
Pawankhera,szarita
Pawankhera,KotaNeelima
Pawankhera,hemantrajora_
Pawankhera,ArvinderSoin
Pawankhera,RubikaLiyaquat
Pawankhera,hemantrajora_
Pawankhera,PencyS
Pawankhera,ShuklaRajiv
BPSinghINC_,rssurjewala
BPSinghINC_,rssurjewala
BPSinghINC_,INCIndia
BPSinghINC_,RahulGandhi
BPSinghINC_,RahulGandhi
RitabrataBanerj,NilanjanDas_
patralekha2011,salonayyy
patralekha2011,BhartiAparajita
patralekha2011,angshukanta
patralekha2011,DaktarBatra
jankibaat1,jankibaat1
jankibaat1,ANI
jankibaat1,ANI
jankibaat1,ANI
me_sourish_,bongosanatani
me_sourish_,SuvenduWB
me_sourish_,AninBanerjee
me_sourish_,VHPDigital
me_sourish_,subhanuroy
me_sourish_,SankarDutta5111
me_sourish_,RituRathaur
1ArijitD,BharadwajSpeaks
1ArijitD,hatecommie
anirbanganguly,friendsofrss
anirbanganguly,Somnath_Temple
anirbanganguly,Somnath_Temple
anirbanganguly,narendramodi
anirbanganguly,narendramodi
abhishekaitc,MyAnandaBazar
abhishekaitc,AITCofficial
abhishekaitc,BanglarGorboMB
abhishekaitc,MamataOfficial
abhishekaitc,News18Bengali
narendra52,keveeyes
narendra52,sway_hi
narendra52,narendra52
narendra52,narendra52
narendra52,narendra52
SuPriyoBabul,JPNadda
SuPriyoBabul,swapan55
SuPriyoBabul,narendramodi
SuPriyoBabul,BJP4Bengal
SuPriyoBabul,BJP4Bengal
SuPriyoBabul,PiyushGoyal
pbhushan1,_YogendraYadav
pbhushan1,scribe_prashant
pbhushan1,RamanDhaka
pbhushan1,GVDBossche
pbhushan1,PrannoyRoyNDTV
free_thinker,zoo_bear
free_thinker,NaveedIRS
free_thinker,dikshamadhok
free_thinker,Raheelk
free_thinker,adhicutting
free_thinker,salonayyy
free_thinker,suchitrav
free_thinker,NidhiSuresh_
Aakar__Patel,jyotiyadaav
Aakar__Patel,sunetrac
Aakar__Patel,ashoswai
Aakar__Patel,SoumyajitWrites
Aakar__Patel,NeelanjanSircar
Aakar__Patel,tehseenp
Aakar__Patel,abhisar_sharma
JasBJP,amitmalviya
JasBJP,Sisirkumardatt3
JasBJP,narendramodi
JasBJP,SuvenduWB
JasBJP,narendramodi
JasBJP,Sisirkumardatt3
JasBJP,paritosh2608
ajoydasgupta,CNNnews18
ajoydasgupta,SitaramYechury
im_somnathgupta,bhartijainTOI
im_somnathgupta,payalmehta100
mohsinaddeen96,asadowaisi
mohsinaddeen96,asadowaisi
mohsinaddeen96,pathan_sumaya
mohsinaddeen96,pathan_sumaya
mohsinaddeen96,MemberAIMIM
arvindgunasekar,PrannoyRoyNDTV
arvindgunasekar,ndtv
KisanSabha,frontline_india
KisanSabha,DrAshokDhawale
KisanSabha,comredamraram
KisanSabha,newsclickin
sagarikaghose,thikalbrad
aroopbiswasaitc,abhishekaitc
aroopbiswasaitc,abhishekaitc
aroopbiswasaitc,MamataOfficial
patra_amiya,mishra_surjya
patra_amiya,sfidusouth
HomeBengal,DistrictPgs
AITCofficial,MamataOfficial
AITCofficial,MamataOfficial
AITCofficial,MamataOfficial
AITCofficial,MamataOfficial
AITCofficial,MamataOfficial
AITCofficial,abhishekaitc
AITCofficial,abhishekaitc
sujitboseaitc,abhishekaitc
sujitboseaitc,abhishekaitc
sujitboseaitc,MamataOfficial
sujitboseaitc,MamataOfficial
sujitboseaitc,MamataOfficial
FirhadHakim,MamataOfficial
FirhadHakim,MamataOfficial
FirhadHakim,MamataOfficial
BJP4Assam,AmitShah
BJP4Assam,AmitShah
BJP4Assam,AmitShah
BJP4Assam,AmitShah
BJP4Assam,DrJitendraSingh
BJP4Assam,DrJitendraSingh
BJP4Assam,DrJitendraSingh
kaushikcbasu,vsengupta
kaushikcbasu,kaushikcbasu
kaushikcbasu,BillKristol
kaushikcbasu,maya206
kaushikcbasu,IJaising
HinduarmysUnity,im_riya0
sumonseng,Dipankar_cpiml
sumonseng,ronnysen
sumonseng,AarKiBolboBolo
sumonseng,CpimlWestBengal
KanchanGupta,muglikar_
KanchanGupta,PoulomiMSaha
KanchanGupta,centerofright
KanchanGupta,deepscribble
KanchanGupta,ANI
KanchanGupta,kamleshksingh
KanchanGupta,swapan55
KanchanGupta,KiranKS
KanchanGupta,JulieMcCarthyJM
KanchanGupta,SuvenduWB
KoushaniMukher1,ElkaDutta
KoushaniMukher1,zeemusicbangla
KoushaniMukher1,KoushikGo1
KoushaniMukher1,TMC_Supporters
SuvenduWB,republic
Arijit4India,thakkar_sameet
Arijit4India,NehaBeniwal18
Arijit4India,AshishMerkhed
Arijit4India,SuvenduWB
Arijit4India,Aadhiraspeaks
Arijit4India,im_a_scorpio_
Arijit4India,MeghUpdates
Arijit4India,IamNaveenKapoor
GhulamRabbani_,AITCofficial
GhulamRabbani_,MamataOfficial
GhulamRabbani_,MamataOfficial
GhulamRabbani_,MamataOfficial
GhulamRabbani_,MamataOfficial
sayantika12,JagannathaDhaam
RahulNarayanRo3,vonbrauckmann
RahulNarayanRo3,himisra
Manish_1977_,TVMohandasPai
Manish_1977_,IndicFan
satishacharya,satishacharya
JaySreeRam0,nair_hena
JaySreeRam0,ThePlacardGuy
soutikBBC,hemantrajora_
soutikBBC,chiaseedpuddin
soutikBBC,seemay
TrinankurWBTMCP,abhishekaitc
TrinankurWBTMCP,abhishekaitc
TrinankurWBTMCP,MahuaMoitra
FaheemYounus,voxdotcom
SwarajyaMag,SwarajyaHindi
SwarajyaMag,SwarajyaHindi
SwarajyaMag,SwarajyaHindi
SwarajyaMag,SwarajyaHindi
SwarajyaMag,SwarajyaMag
SupriyaShrinate,ShashiTharoor
SupriyaShrinate,vishakhatalreja
SupriyaShrinate,ftindianews
SupriyaShrinate,khaans
SupriyaShrinate,LtColAnilDuhoon
SupriyaShrinate,RudraRaviSharma
SupriyaShrinate,Hemantbairwa_
up_cpim,HiralalCPIM
up_cpim,SitaramYechury
up_cpim,HiralalCPIM
up_cpim,HiralalCPIM
up_cpim,cpimspeak
up_cpim,HiralalCPIM
CDMsays,CPMumbaiPolice
CDMsays,Varun_Jhaveri
imtiaz_jaleel,aimim_national
imtiaz_jaleel,pathan_sumaya
ShahnawazAIMIM_,warispathan
ShahnawazAIMIM_,asadowaisi
ShahnawazAIMIM_,aimim_national
JitinPrasada,RahulGandhi
MickyGupta84,RahulGandhi
MickyGupta84,GargiRawat
MickyGupta84,rohini_sgh
MickyGupta84,OmarAbdullah
MickyGupta84,PawarSpeaks
DevjyotGhoshal,ShoaibDaniyal
DevjyotGhoshal,AlasdairPal
DevjyotGhoshal,epigiri
DevjyotGhoshal,mitrakalita
sharmasupriya,scroll_in
sharmasupriya,dr_tushar_mehta
sharmasupriya,SonaliVaid
sharmasupriya,AarefaJohari
sharmasupriya,psychia90
DebasreeBJP,JPNadda
DebasreeBJP,JPNadda
DebasreeBJP,AmitShah
DebasreeBJP,narendramodi
DebasreeBJP,narendramodi
DebasreeBJP,narendramodi
DebasreeBJP,narendramodi
DebasreeBJP,narendramodi
DebasreeBJP,narendramodi
DebasreeBJP,narendramodi
PAdigiri,brijendra9585
PAdigiri,SinghkolAashika
PAdigiri,Hindu_putr
PAdigiri,Raju39349267
PAdigiri,DilipGhoshBJP
PAdigiri,PAdigiri
PAdigiri,PAdigiri
biharcpim,drthomasisaac
biharcpim,vijayanpinarayi
biharcpim,awadheshcpim
biharcpim,awadheshcpim
biharcpim,awadheshcpim
biharcpim,ANI
Yash_Dasgupta,AajTakBangla
Yash_Dasgupta,YashhD_FC
SushantSin,menakadoshi
SushantSin,achakrava
SushantSin,manaman_chhina
SushantSin,abantika77
SushantSin,ArvinderSoin
SushantSin,ManuBhagavan
SushantSin,jabinjacobt
SushantSin,virsanghvi
SushantSin,suhasinih
mataonline,matasports
mataonline,matasports
vijayanpinarayi,cpimspeak
ItsYourDev,AnoopChanot
ItsYourDev,diptalk1
FilmmakerPartha,DrParulSharma1
tathagata2,sonusupriyo1
tathagata2,ashis0178
unbrahmachari,squineon
unbrahmachari,ShashiTharoor
unbrahmachari,BOONMITRA
Indrani39664132,abhishekaitc
Indrani39664132,abhishekaitc
Indrani39664132,MamataOfficial
Indrani39664132,MamataOfficial
Indrani39664132,MamataOfficial
Indrani39664132,abhishekaitc
Indrani39664132,MamataOfficial
sd_thinks_,pooja_news
sd_thinks_,SitaramYechury
sd_thinks_,Suslovelygl
sd_thinks_,Actor_Siddharth
sd_thinks_,paramspeak
sd_thinks_,kimbrunhuber
CNBC_Awaaz,aloke_priya
seagullbooks,kavita_krishnan
seagullbooks,ndtv
seagullbooks,derekobrienmp
seagullbooks,swastika24
seagullbooks,ReallySwara
seagullbooks,ndtv
seagullbooks,RahulGandhi
asadowaisi,asma_ulfat_rafi
asadowaisi,suhasinih
asadowaisi,China_Amb_India
asadowaisi,suhasinih
asadowaisi,Athrout_Kashmir
asadowaisi,aimim_national
asadowaisi,DonitaJose
MoupiaNandy,kundu_sarbeswar
WestBengalPMC,MahilaCongress
WestBengalPMC,MahilaCongress
WestBengalPMC,MahilaCongress
WestBengalPMC,MahilaCongress
jago_bangla,abhishekaitc
jago_bangla,abhishekaitc
jago_bangla,MamataOfficial
jago_bangla,MamataOfficial
jago_bangla,MamataOfficial
jago_bangla,abhishekaitc
jago_bangla,MamataOfficial
jago_bangla,MamataOfficial
itspcofficial,abhishekaitc
itspcofficial,abhishekaitc
Syed_Ruknuddin5,aimim_national
Syed_Ruknuddin5,syedasimwaqar
Syed_Ruknuddin5,asadowaisi
Syed_Ruknuddin5,Champarni_Tariq
Syed_Ruknuddin5,Khushdil18_
Pun_Starr,iamnandini13
rohini_sgh,navjot_singgh
rohini_sgh,jyotiyadaav
rohini_sgh,abhisar_sharma
rohini_sgh,ashokbagriya10
rohini_sgh,Runjhunsharmas
drthomasisaac,sardesairajdeep
myslf_soham,abhishekaitc
myslf_soham,abhishekaitc
naseerCorpGhmc,kausarmohiuddin
sayantansunnyg,tweetria
sayantansunnyg,RibsGully
sayantansunnyg,sayantansunnyg
DilipGhoshBJP,AmitShah
DilipGhoshBJP,narendramodi
DilipGhoshBJP,narendramodi
DilipGhoshBJP,jdhankhar1
DilipGhoshBJP,blsanthosh
DilipGhoshBJP,blsanthosh
DilipGhoshBJP,blsanthosh
DilipGhoshBJP,PKVarmaRanchi
DilipGhoshBJP,JPNadda
CPIMSTATEDELHI,cpimspeak
CPIMSTATEDELHI,drthomasisaac
CPIMSTATEDELHI,cpimspeak
CPIMSTATEDELHI,cpimspeak
CPIMSTATEDELHI,cpimspeak
CPIMSTATEDELHI,vijayanpinarayi
CPIMSTATEDELHI,cpimspeak
CPIMSTATEDELHI,drthomasisaac
CPIMSTATEDELHI,cpimspeak
CPIMSTATEDELHI,drthomasisaac
abhisar_sharma,tehseenp
abhisar_sharma,bprerna
AloPal,pondy_live
BjpLokenath,Lokenath_Speaks
BjpLokenath,Abhijit_Basak83
VivekGuptaAITC,hvgoenka
VinayDokania,maryashakil
VinayDokania,njalva
VinayDokania,RuchiraC
AimimZuber,AimimZuber
AimimZuber,AimimZuber
AimimZuber,AimimZuber
AimimZuber,AimimZuber
AimimZuber,AimimZuber
AimimZuber,aimim_national
AimimZuber,aimim_national
AimimZuber,aimim_national
AimimZuber,DonitaJose
Saptarshisrkr,Amitava_BJP
Saptarshisrkr,ABVPBanga
Saptarshisrkr,AshishSainram
Saptarshisrkr,ABVPBanga
NuraRadha,AdityaRajKaul
NuraRadha,RCH_India
NuraRadha,AdityaRajKaul
NuraRadha,mumbaipressclub
NuraRadha,vanityparty
LiveLawIndia,royradhika7
Ranvasu,BJP4WMedinipur
Ranvasu,BJP4WMedinipur
Ranvasu,KapilMishra_IND
Ranvasu,VijayVst0502
TheDeshBhakt,NidhiSuresh_
TheDeshBhakt,kan_nott
TheDeshBhakt,RadhakrishnanMW
TheDeshBhakt,harsh_mander
TheDeshBhakt,medianama
TheDeshBhakt,jawharsircar
TheDeshBhakt,tejeshwi_sharma
deepusebastian,AnantBhan
deepusebastian,AyushiSondhi
deepusebastian,sameerdys
deepusebastian,mihirssharma
deepusebastian,zoo_bear
deepusebastian,praveenswami
deepusebastian,mumbaipressclub
deepusebastian,howbza
deepusebastian,tehseenp
deepusebastian,RCH_India
ambkcsingh,ambkcsingh
ambkcsingh,ambkcsingh
KTRTRS,TWorksHyd
KTRTRS,DigitalMediaTS
KTRTRS,CovidHyderabad
KTRTRS,trspartyonline
KTRTRS,trspartyonline
djdebs17,SuvenduWB
Indian000111,Adityaiims
Indian000111,noconversion
Indian000111,AmanChopra_
Indian000111,SanjeevSanskrit
Indian000111,nidhileo
Indian000111,noconversion
srijitspeaketh,souptickghosh
srijitspeaketh,RantingRami
srijitspeaketh,soniakarn
srijitspeaketh,AleekTheImortal
srijitspeaketh,NehaRaheja1
srijitspeaketh,tushar_nikose
soniafaleiro,burke_jason
soniafaleiro,alexvtunzelmann
soniafaleiro,ohaneef
soniafaleiro,soniafaleiro
TarekFatah,swapan55
TarekFatah,BushraGohar
TarekFatah,AaliyaShah1
TarekFatah,TarekFatah
TarekFatah,AaliyaShah1
TarekFatah,siddhinath
TarekFatah,republic
DharDipsita,SfiTripura
DharDipsita,tarigami
DharDipsita,Premkanjoliya97
OfficialArupRoy,MamataOfficial
OfficialArupRoy,AITCofficial
OfficialArupRoy,AITCofficial
Torture78,Zizezkianism
htTweets,HTTech
htTweets,HTSportsNews
htTweets,HTSportsNews
htTweets,HTPunjab
htTweets,HTPunjab
htTweets,HTPunjab
htTweets,HTPunjab
mpmanasofficial,MamataOfficial
mpmanasofficial,MamataOfficial
mpmanasofficial,MamataOfficial
mpmanasofficial,MamataOfficial
mpmanasofficial,MamataOfficial
mpmanasofficial,BanglarGorboMB
mpmanasofficial,BanglarGorboMB
mpmanasofficial,BanglarGorboMB
mpmanasofficial,AITCofficial
mpmanasofficial,AITCofficial
dhanyarajendran,IndianExpress
dhanyarajendran,yadavtejashwi
dhanyarajendran,venkatatweets
dhanyarajendran,sarayupani
dhanyarajendran,chetrisunil11
dhanyarajendran,sandeepohri
dhanyarajendran,Smita_Sharma
dhanyarajendran,sivaetb
dhanyarajendran,sunetrac
IsraelMFA,IsraelinGreece
IsraelMFA,Israel
IsraelMFA,RoyalFamily
IsraelMFA,IsraelinUSA
IsraelMFA,MarcGarneau
IsraelMFA,AmbAlKhaja
IsraelMFA,vanderbellen
IsraelMFA,MFATurkey
PratimDGupta,Criterion
PratimDGupta,GhoshAmitav
PratimDGupta,samjawed65
PratimDGupta,JhumjhumMukher2
PratimDGupta,ShashiTharoor
JyotipriyaMLA,AITCofficial
DeShobhaa,ThePrintIndia
Me_lmahato,KanganaTeam
Me_lmahato,KanganaTeam
Me_lmahato,SuvenduWB
Me_lmahato,SuvenduWB
Me_lmahato,KanganaTeam
Me_lmahato,KanganaTeam
Me_lmahato,KPTrafficDept
mayukhrghosh,swarnalisarkar
mayukhrghosh,mominali00
HLKodo,rangats
HLKodo,annamalai_k
HLKodo,skarthikdotin
HLKodo,arvinth_e
HLKodo,khushsundar
HLKodo,annamalai_k
HLKodo,arvinth_e
HLKodo,ikkmurugan
HLKodo,laxman_xy
SoumyaB_sd,ShefVaidya
SoumyaB_sd,swapan55
NirmalGhoshMla,arpan_aitc
NirmalGhoshMla,arpan_aitc
NirmalGhoshMla,arpan_aitc
NirmalGhoshMla,arpan_aitc
kakoligdastidar,rajnathsingh
ShoaibDaniyal,tishasaroyan
DilipGhoshOff,DilipGhoshBJP
DilipGhoshOff,blsanthosh
DilipGhoshOff,jdhankhar1
DilipGhoshOff,narendramodi
DilipGhoshOff,narendramodi
DilipGhoshOff,AmitShah
DilipGhoshOff,DilipGhoshBJP
DilipGhoshOff,blsanthosh
DilipGhoshOff,blsanthosh
ArkaRajpandit,vijayanpinarayi
ArkaRajpandit,CPIM_WESTBENGAL
ArkaRajpandit,SitaramYechury
ArkaRajpandit,SitaramYechury
jayantrld,nitins2412
jayantrld,ramanmann1974
jayantrld,ramanmann1974
jayantrld,Neerajkundan
jayantrld,guramneet
SDigitalindian,ShorsheFeelish
SDigitalindian,Badass_Superdad
SDigitalindian,Badass_Superdad
SDigitalindian,Abhijit_Basak83
DrEricDing,VincentRK
DrEricDing,DrEricDing
DrEricDing,AminaaKausar
coolfunnytshirt,moronhumor
coolfunnytshirt,jitengajaria
coolfunnytshirt,centerofright
coolfunnytshirt,ProfVemsani
coolfunnytshirt,vidusri
coolfunnytshirt,DoctorLFC
coolfunnytshirt,SreyashiDey
RajuBistaBJP,Ra_THORe
egiye_bangla,wbdhfw
egiye_bangla,wbdhfw
egiye_bangla,wbdhfw
egiye_bangla,wbdhfw
egiye_bangla,GoWBudma
RUMARINKIAMRITA,KartikK84430304
AtishAziz,vijayprashad
AtishAziz,vijayanpinarayi
AtishAziz,paramspeak
AtishAziz,chhuti_is
AtishAziz,sengupta_udit
AtishAziz,ABC
AtishAziz,DharDipsita
AtishAziz,Profdilipmandal
warispathan,asadowaisi
warispathan,asadowaisi
warispathan,Munnakeepfaith
sswapan,amishra77
sswapan,KanchanGupta
sswapan,PandaJay
sswapan,ARanganathan72
sswapan,himantabiswa
sswapan,tathagata2
FarukShah_MLA,Aimim_Raebareli
FarukShah_MLA,iam_sameer_shk
FarukShah_MLA,meedhulekar
FarukShah_MLA,Haleemshamsudd9
FarukShah_MLA,Haleemshamsudd9
KPTrafficDept,KolkataPolice
Memeghnad,ailsujith
Memeghnad,SharmaAyan006
Memeghnad,anubhavsinha
BanglarGorboMB,yadavakhilesh
BanglarGorboMB,HemantSorenJMM
BanglarGorboMB,capt_amarinder
BanglarGorboMB,mkstalin
BanglarGorboMB,ManishTewari
BanglarGorboMB,bhupeshbaghel
BanglarGorboMB,PawarSpeaks
BanglarGorboMB,ArvindKejriwal
TheMetromanS,Sunil_Kannaki
TheMetromanS,blsanthosh
IYCWestBengal,pandey_amrish
IYCWestBengal,srinivasiyc
IYCWestBengal,Jairam_Ramesh
IYCWestBengal,srinivasiyc
IYCWestBengal,Jairam_Ramesh
IYCWestBengal,srinivasiyc
IYCWestBengal,BloodDonorsIn
IYCWestBengal,srinivasiyc
Actor_Siddharth,GorwayGlobal
Actor_Siddharth,PTI_News
Actor_Siddharth,LicypriyaK
Actor_Siddharth,bthsvm
BJP4Bengal,narendramodi
BJP4Bengal,AmitShah
BJP4Bengal,JPNadda
BJP4Bengal,JPNadda
BJP4Bengal,narendramodi
BJP4Bengal,narendramodi
ndtv,CricketNDTV
ndtv,ndtvfeed
chakraview,ForeignPolicy
chakraview,NilanjanDas_
chakraview,arunp2810
comredamraram,cpimspeak
comredamraram,PawanGhadsana
comredamraram,RajeshNokhwal31
comredamraram,1stIndiaNews
DrShashiPanja,abhishekaitc
DrShashiPanja,abhishekaitc
DrShashiPanja,MamataOfficial
t_d_h_nair,Aakar__Patel
Lokenath_Speaks,amitmalviya
Lokenath_Speaks,gobbblefunk
Lokenath_Speaks,AankhiGM
Lokenath_Speaks,c_aashish
Lokenath_Speaks,BjpLokenath
ajaymaken,maneeshchhibber
ajaymaken,PChidambaram_IN
ajaymaken,rssurjewala
AtharvaForum,Smiley_Shreya
AtharvaForum,rashig999
AtharvaForum,amatya18
AtharvaForum,arvindneela
AtharvaForum,amatya18
AtharvaForum,pawan_kumar3
AtharvaForum,kansaratva
Akhtaruliman5,warispathan
Akhtaruliman5,AIMIMPurnea
Akhtaruliman5,AIMIMPurnea
Akhtaruliman5,asadowaisi
Akhtaruliman5,AIMIMPurnea
Akhtaruliman5,AimimSeemanchal
Akhtaruliman5,RanaAyyub
Akhtaruliman5,AbuGhufran3
davidfrawleyved,davidfrawleyved
davidfrawleyved,davidfrawleyved
davidfrawleyved,davidfrawleyved
davidfrawleyved,davidfrawleyved
sandipanch,chhuti_is
SabirKabliwala,aimim_national
MuftiIsmailQsm,aimim_national
MuftiIsmailQsm,MuftiIsmailQsm
MuftiIsmailQsm,aimim_national
MuftiIsmailQsm,MuftiIsmailQsm
MuftiIsmailQsm,RizwanaKhanMIM
MuftiIsmailQsm,pathan_sumaya
MuftiIsmailQsm,pathan_sumaya
MuftiIsmailQsm,ShaLateef
rssurjewala,AICCMedia
rssurjewala,AICCMedia
hiran_chatterji,narendramodi
hiran_chatterji,narendramodi
hiran_chatterji,hiran_chatterji
chetnakum,MickyGupta84
chetnakum,PSainath_org
Md_MajidHussain,asadowaisi
Md_MajidHussain,asadowaisi
Md_MajidHussain,aimim_national
Md_MajidHussain,arunbothra
Md_MajidHussain,aimim_national
Md_MajidHussain,aimim_national
Md_MajidHussain,aimim_national
Md_MajidHussain,asadowaisi
ANI,ani_digital
AanyaOBrien,Actor_Siddharth
AanyaOBrien,chhuti_is
AanyaOBrien,Aagan86
AanyaOBrien,unicoraisa
Mahmoodhussain_,asadowaisi
Mahmoodhussain_,AmirUllahKhnMIM
NilotpalMukher6,narendramodi
NilotpalMukher6,narendramodi
NilotpalMukher6,SuvenduWB
NilotpalMukher6,DetheEsha
NilotpalMukher6,soumeshbanerjee
NilotpalMukher6,KolleoIsBack
NilotpalMukher6,KanganaTeam
NilotpalMukher6,soumeshbanerjee
NilotpalMukher6,Abhijit_Basak83
NilotpalMukher6,narendramodi
DrAmitMitra,ieElections
DrAmitMitra,kakoligdastidar
DrAmitMitra,derekobrienmp
Tauseefpro,asadowaisi
Tauseefpro,VijaytaL
Tauseefpro,asadowaisi
swapan55,BJP4Bengal
babubasu,raghav_chadha
babubasu,virsanghvi
DrSYQuraishi,htTweets
DrSYQuraishi,impar_india
DrSYQuraishi,CPDelhi
DrSYQuraishi,MilanV
DrSYQuraishi,shokonoda
SUNDARmyth,SitaramYechury
SUNDARmyth,SitaramYechury
SUNDARmyth,SitaramYechury
SUNDARmyth,SitaramYechury
NahidQaiser,mallucomrade
NahidQaiser,redfishstream
NahidQaiser,salimdotcomrade
NahidQaiser,VivashwanSingh
NahidQaiser,SitaramYechury
NahidQaiser,salimdotcomrade
NahidQaiser,MayukhDuke
blsanthosh,narendramodi
blsanthosh,amitmalviya
sonaliranade,SushantSin
sonaliranade,kaushikcbasu
sonaliranade,Article14live
sonaliranade,Ram_Guha
sonaliranade,samar11
arpitayodapress,IndiaToday
arpitayodapress,africasacountry
arpitayodapress,LicypriyaK
arpitayodapress,RealHughJackman
ReallySwara,njalva
ReallySwara,Memeghnad
priyankagandhi,skphotography68
priyankagandhi,AnujaJaiswalTOI
